{
    "id": 7,
    "name": "美体",
    "list": [
        {
            "name": "瘦身",
            "type": {
                "id": 8000,
                "defaultValue": 0.0
            },
            "srcSelectedPath": "cosmos/icon/slimming_selected.png",
            "srcNotSelectedPath": "cosmos/icon/slimming.png"
        },
        {
            "name": "长腿",
            "type": {
                "id": 8001,
                "defaultValue": 0.0
            },
            "srcSelectedPath": "cosmos/icon/longleg_selected.png",
            "srcNotSelectedPath": "cosmos/icon/longleg.png"
        }
    ]
}