{
    "id": 5,
    "name": "滤镜",
    "list": [
        {
            "name": "原图",
            "type": {
                "id": 6000
            },
            "srcSelectedPath": "cosmos/icon/clear.png",
            "srcNotSelectedPath": "cosmos/icon/clear.png"
        },
        {
            "name": "少年时光",
            "type": {
                "id": 6001,
                "path": "cosmos/lookup/Boyhood/lookup.png",
                "defaultValue": 0.0
            },
            "srcSelectedPath": "cosmos/icon/boyhood.png",
            "srcNotSelectedPath": "cosmos/icon/boyhood.png"
        },
        {
            "name": "烧烤",
            "type": {
                "id": 6002,
                "path": "cosmos/lookup/bbq/lookup.png",
                "defaultValue": 0.0
            },
            "srcSelectedPath": "cosmos/icon/BBQ.png",
            "srcNotSelectedPath": "cosmos/icon/BBQ.png"
        }
    ]
}