{
    "id": 3,
    "name": "风格妆",
    "list": [
        {
            "name": "无风格",
            "type": {
                "id": 5000
            },
            "srcSelectedPath": "cosmos/icon/clear.png",
            "srcNotSelectedPath": "cosmos/icon/clear.png"
        },
        {
            "name": "黑童话",
            "type": {
                "id": 5001,
                "styleMakeupType": {
                    "path": "cosmos/makeup_style/heitonghua",
                    "defaultValue": 0.9
                },
                "styleLookupType": {
                    "defaultValue": 0.4
                }
            },
            "srcSelectedPath": "cosmos/icon/makeupStyle.png",
            "srcNotSelectedPath": "cosmos/icon/makeupStyle.png"
        }
    ]
}
