{
    "id": 2,
    "name": "微整形",
    "list": [
        {
            "name": "脸宽",
            "type": {
                "id": 3001,
                "defaultValue": 0.0
            },
            "srcSelectedPath": "cosmos/icon/face_width_selected.png",
            "srcNotSelectedPath": "cosmos/icon/face_width_normal.png"
        },
        {
            "name": "削脸",
            "type": {
                "id": 3002,
                "defaultValue": 0.0
            },
            "srcSelectedPath": "cosmos/icon/face_cut_selected.png",
            "srcNotSelectedPath": "cosmos/icon/face_cut_normal.png"
        },
        {
            "name": "短脸",
            "type": {
                "id": 3003,
                "defaultValue": 0.0
            },
            "srcSelectedPath": "cosmos/icon/shorten_face_selected.png",
            "srcNotSelectedPath": "cosmos/icon/shorten_face_normal.png"
        },
        {
            "name": "额头",
            "type": {
                "id": 3004,
                "defaultValue": 0.0
            },
            "srcSelectedPath": "cosmos/icon/forehead_selected.png",
            "srcNotSelectedPath": "cosmos/icon/forehead_normal.png"
        },
        {
            "name": "下巴",
            "type": {
                "id": 3005,
                "defaultValue": 0.0
            },
            "srcSelectedPath": "cosmos/icon/chin_selected.png",
            "srcNotSelectedPath": "cosmos/icon/chin_normal.png"
        },
        {
            "name": "颧骨",
            "type": {
                "id": 3006,
                "defaultValue": 0.0
            },
            "srcSelectedPath": "cosmos/icon/thincheekbone_selected.png",
            "srcNotSelectedPath": "cosmos/icon/thincheekbone.png"
        },
        {
            "name": "下颌骨",
            "type": {
                "id": 3007,
                "defaultValue": 0.0
            },
            "srcSelectedPath": "cosmos/icon/thinjaw_selected.png",
            "srcNotSelectedPath": "cosmos/icon/thinjaw.png"
        },
        {
            "name": "鼻子宽度",
            "type": {
                "id": 3008,
                "defaultValue": 0.0
            },
            "srcSelectedPath": "cosmos/icon/nose_width_selected.png",
            "srcNotSelectedPath": "cosmos/icon/nose_width_normal.png"
        },
        {
            "name": "鼻子大小",
            "type": {
                "id": 3009,
                "defaultValue": 0.0
            },
            "srcSelectedPath": "cosmos/icon/nose_size_selected.png",
            "srcNotSelectedPath": "cosmos/icon/nose_size_normal.png"
        },
        {
            "name": "鼻高",
            "type": {
                "id": 3010,
                "defaultValue": 0.0
            },
            "srcSelectedPath": "cosmos/icon/nose_height_selected.png",
            "srcNotSelectedPath": "cosmos/icon/nose_height_normal.png"
        },
        {
            "name": "鼻梁",
            "type": {
                "id": 3011,
                "defaultValue": 0.0
            },
            "srcSelectedPath": "cosmos/icon/nose_bridge_selected.png",
            "srcNotSelectedPath": "cosmos/icon/nose_bridge_normal.png"
        },
        {
            "name": "鼻尖",
            "type": {
                "id": 3012,
                "defaultValue": 0.0
            },
            "srcSelectedPath": "cosmos/icon/nose_point_selecte.png",
            "srcNotSelectedPath": "cosmos/icon/nose_point_normal.png"
        },
        {
            "name": "眼睛角度",
            "type": {
                "id": 3013,
                "defaultValue": 0.0
            },
            "srcSelectedPath": "cosmos/icon/eye_angle_selected.png",
            "srcNotSelectedPath": "cosmos/icon/eye_angle_normal.png"
        },
        {
            "name": "眼距",
            "type": {
                "id": 3014,
                "defaultValue": 0.0
            },
            "srcSelectedPath": "cosmos/icon/eye_distance_selected.png",
            "srcNotSelectedPath": "cosmos/icon/eye_distance_normal.png"
        },
        {
            "name": "眼高",
            "type": {
                "id": 3015,
                "defaultValue": 0.0
            },
            "srcSelectedPath": "cosmos/icon/eye_height_selected.png",
            "srcNotSelectedPath": "cosmos/icon/eye_height_normal.png"
        },
        {
            "name": "嘴唇厚度",
            "type": {
                "id": 3016,
                "defaultValue": 0.0
            },
            "srcSelectedPath": "cosmos/icon/lip_thickness_selected.png",
            "srcNotSelectedPath": "cosmos/icon/lip_thickness_normal.png"
        },
        {
            "name": "嘴唇大小",
            "type": {
                "id": 3017,
                "defaultValue": 0.0
            },
            "srcSelectedPath": "cosmos/icon/mouth_size_selected.png",
            "srcNotSelectedPath": "cosmos/icon/mouth_size_normal.png"
        },
        {
            "name": "祛法令纹",
            "type": {
                "id": 3018,
                "defaultValue": 0.0
            },
            "srcSelectedPath": "cosmos/icon/eye_other_selected.png",
            "srcNotSelectedPath": "cosmos/icon/eye_other_normal.png"
        },
        {
            "name": "祛眼袋",
            "type": {
                "id": 3019,
                "defaultValue": 0.0
            },
            "srcSelectedPath": "cosmos/icon/eyebag_selected.png",
            "srcNotSelectedPath": "cosmos/icon/eyebag_normal.png"
        },
        {
            "name": "亮眼",
            "type": {
                "id": 3020,
                "defaultValue": 0.0
            },
            "srcSelectedPath": "cosmos/icon/eye_light_selected.png",
            "srcNotSelectedPath": "cosmos/icon/eye_light_normal.png"
        },
        {
            "name": "白牙",
            "type": {
                "id": 3021,
                "defaultValue": 0.0
            },
            "srcSelectedPath": "cosmos/icon/teeth_white_selected.png",
            "srcNotSelectedPath": "cosmos/icon/teeth_white_normal.png"
        }
    ]
}