{
    "id": 0,
    "name": "一键美颜",
    "list": [
        {
            "name": "清空",
            "type": {
                "id": 2000
            },
            "srcSelectedPath": "cosmos/icon/clear.png",
            "srcNotSelectedPath": "cosmos/icon/clear.png"
        },
        {
            "name": "自然",
            "type": {
                "id": 2001
            },
            "srcSelectedPath": "cosmos/icon/onekey_beauty_nature.png",
            "srcNotSelectedPath": "cosmos/icon/onekey_beauty_nature.png"
        },
        {
            "name": "可爱",
            "type": {
                "id": 2002
            },
            "srcSelectedPath": "cosmos/icon/onekey_beauty_cute.png",
            "srcNotSelectedPath": "cosmos/icon/onekey_beauty_cute.png"
        },
        {
            "name": "女神",
            "type": {
                "id": 2003
            },
            "srcSelectedPath": "cosmos/icon/onekey_beauty_girlgod.png",
            "srcNotSelectedPath": "cosmos/icon/onekey_beauty_girlgod.png"
        },
        {
            "name": "净白",
            "type": {
                "id": 2004
            },
            "srcSelectedPath": "cosmos/icon/onekey_beauty_purewhite.png",
            "srcNotSelectedPath": "cosmos/icon/onekey_beauty_purewhite.png"
        }
    ]
}