{
  "id": 6,
  "name": "贴纸",
  "list": [
    {
      "name": "无贴纸",
      "type": {
        "id": 7000
      },
      "srcSelectedPath": "cosmos/icon/clear.png",
      "srcNotSelectedPath": "cosmos/icon/clear.png"
    },
    {
      "name": "嘻哈",
      "type": {
        "id": 7001,
        "path": "cosmos/sticker/xiha"
      },
      "srcSelectedPath": "cosmos/sticker/xiha/icon.png",
      "srcNotSelectedPath": "cosmos/sticker/xiha/icon.png"
    },
    {
      "name": "彩虹",
      "type": {
        "id": 7003,
        "path": "cosmos/sticker/rainbow"
      },
      "srcSelectedPath": "cosmos/sticker/rainbow/icon.png",
      "srcNotSelectedPath": "cosmos/sticker/rainbow/icon.png"
    },
    {
      "name": "微笑",
      "type": {
        "id": 7006,
        "path": "cosmos/sticker/weixiao"
      },
      "srcSelectedPath": "cosmos/sticker/weixiao/icon.png",
      "srcNotSelectedPath": "cosmos/sticker/weixiao/icon.png"
    },
    {
      "name": "猪猪",
      "type": {
        "id": 7007,
        "path": "cosmos/sticker/zhuzhu"
      },
      "srcSelectedPath": "cosmos/sticker/zhuzhu/icon.png",
      "srcNotSelectedPath": "cosmos/sticker/zhuzhu/icon.png"
    },
    {
      "name": "分割",
      "type": {
        "id": 7008,
        "path": "cosmos/sticker/imageSegment"
      },
      "srcSelectedPath": "cosmos/sticker/imageSegment/icon.png",
      "srcNotSelectedPath": "cosmos/sticker/imageSegment/icon.png"
    }
  ]
}